audio,label
h001_0.wav,rain
h001_1.wav,rain
h001_2.wav,rain
h001_3.wav,rain
h001_4.wav,rain
h001_5.wav,rain
h001_6.wav,rain
h001_7.wav,rain
h001_8.wav,rain
h001_9.wav,rain
h001_10.wav,rain
h001_11.wav,rain
h001_12.wav,rain
h001_13.wav,rain
h001_14.wav,rain
h001_15.wav,rain
h001_16.wav,rain
h002_0.wav,rain
h002_1.wav,rain
h002_2.wav,rain
h002_3.wav,rain
h002_4.wav,rain
h002_5.wav,rain
h002_6.wav,rain
h002_7.wav,rain
h002_8.wav,rain
h002_9.wav,rain
h003_0.wav,rain
h003_1.wav,rain
h003_2.wav,rain
h003_3.wav,rain
h003_4.wav,rain
h003_5.wav,rain
h003_6.wav,rain
h003_7.wav,rain
h003_8.wav,rain
h003_9.wav,rain
h003_10.wav,rain
h004_0.wav,rain
h004_1.wav,rain
h004_2.wav,rain
h004_3.wav,rain
h004_4.wav,rain
h004_5.wav,rain
h004_6.wav,rain
h004_7.wav,rain
h004_8.wav,rain
h004_9.wav,rain
h004_10.wav,rain
h005_0.wav,rain
h005_1.wav,rain
h005_2.wav,rain
h005_3.wav,rain
h005_4.wav,rain
h005_5.wav,rain
h005_6.wav,rain
h005_7.wav,rain
h005_8.wav,rain
h005_9.wav,rain
h005_10.wav,rain
h005_11.wav,rain
h005_12.wav,rain
h005_13.wav,rain
h005_14.wav,rain
h005_15.wav,rain
h005_16.wav,rain
h005_17.wav,rain
h005_18.wav,rain
h005_19.wav,rain
h005_20.wav,rain
h005_21.wav,rain
h005_22.wav,rain
h005_23.wav,rain
h005_24.wav,rain
h005_25.wav,rain
h005_26.wav,rain
h005_27.wav,rain
h005_28.wav,rain
h005_29.wav,rain
h005_30.wav,rain
h005_31.wav,rain
h005_32.wav,rain
h005_33.wav,rain
h005_34.wav,rain
h005_35.wav,rain
h005_36.wav,rain
h005_37.wav,rain
h005_38.wav,rain
h005_39.wav,rain
h005_40.wav,rain
h005_41.wav,rain
h005_42.wav,rain
h005_43.wav,rain
h005_44.wav,rain
h005_45.wav,rain
h005_46.wav,rain
h005_47.wav,rain
h005_48.wav,rain
h005_49.wav,rain
h005_50.wav,rain
h005_51.wav,rain
h005_52.wav,rain
h005_53.wav,rain
h005_54.wav,rain
h005_55.wav,rain
h005_56.wav,rain
h005_57.wav,rain
h005_58.wav,rain
h005_59.wav,rain
h005_60.wav,rain
h005_61.wav,rain
h005_62.wav,rain
h005_63.wav,rain
h005_64.wav,rain
h005_65.wav,rain
h005_66.wav,rain
h005_67.wav,rain
h005_68.wav,rain
h005_69.wav,rain
h005_70.wav,rain
h005_71.wav,rain
h005_72.wav,rain
h005_73.wav,rain
h005_74.wav,rain
h005_75.wav,rain
h005_76.wav,rain
h005_77.wav,rain
h005_78.wav,rain
h005_79.wav,rain
h005_80.wav,rain
h005_81.wav,rain
h005_82.wav,rain
h005_83.wav,rain
h005_84.wav,rain
h005_85.wav,rain
h005_86.wav,rain
h005_87.wav,rain
h005_88.wav,rain
h005_89.wav,rain
h005_90.wav,rain
h005_91.wav,rain
h005_92.wav,rain
h005_93.wav,rain
h005_94.wav,rain
h005_95.wav,rain
h005_96.wav,rain
h005_97.wav,rain
h005_98.wav,rain
h006_0.wav,rain
h006_1.wav,rain
h006_2.wav,rain
h006_3.wav,rain
h006_4.wav,rain
h006_5.wav,rain
h006_6.wav,rain
h006_7.wav,rain
h006_8.wav,rain
h006_9.wav,rain
h006_10.wav,rain
h006_11.wav,rain
h006_12.wav,rain
h006_13.wav,rain
h006_14.wav,rain
h006_15.wav,rain
h006_16.wav,rain
h006_17.wav,rain
h006_18.wav,rain
h006_19.wav,rain
h006_20.wav,rain
h006_21.wav,rain
h006_22.wav,rain
h006_23.wav,rain
h006_24.wav,rain
h006_25.wav,rain
h006_26.wav,rain
h006_27.wav,rain
h006_28.wav,rain
h006_29.wav,rain
h006_30.wav,rain
h006_31.wav,rain
h006_32.wav,rain
h006_33.wav,rain
h006_34.wav,rain
h006_35.wav,rain
h006_36.wav,rain
h006_37.wav,rain
h006_38.wav,rain
h006_39.wav,rain
h006_40.wav,rain
h006_41.wav,rain
h006_42.wav,rain
h006_43.wav,rain
h006_44.wav,rain
h006_45.wav,rain
h006_46.wav,rain
h006_47.wav,rain
h006_48.wav,rain
h006_49.wav,rain
h006_50.wav,rain
h006_51.wav,rain
h006_52.wav,rain
h006_53.wav,rain
h006_54.wav,rain
h006_55.wav,rain
h006_56.wav,rain
h006_57.wav,rain
h006_58.wav,rain
h006_59.wav,rain
h006_60.wav,rain
h006_61.wav,rain
h006_62.wav,rain
h006_63.wav,rain
h006_64.wav,rain
h006_65.wav,rain
h006_66.wav,rain
h006_67.wav,rain
h006_68.wav,rain
h006_69.wav,rain
h006_70.wav,rain
h007_0.wav,rain
h007_1.wav,rain
h007_2.wav,rain
h007_3.wav,rain
h007_4.wav,rain
h007_5.wav,rain
h007_6.wav,rain
h007_7.wav,rain
h007_8.wav,rain
h007_9.wav,rain
h007_10.wav,rain
h007_11.wav,rain
h007_12.wav,rain
h007_13.wav,rain
h007_14.wav,rain
h007_15.wav,rain
h007_16.wav,rain
h007_17.wav,rain
h007_18.wav,rain
h007_19.wav,rain
h007_20.wav,rain
h007_21.wav,rain
h007_22.wav,rain
h007_23.wav,rain
h007_24.wav,rain
h007_25.wav,rain
h007_26.wav,rain
h007_27.wav,rain
h007_28.wav,rain
h007_29.wav,rain
h007_30.wav,rain
h007_31.wav,rain
h007_32.wav,rain
h007_33.wav,rain
h007_34.wav,rain
h007_35.wav,rain
h007_36.wav,rain
h007_37.wav,rain
h007_38.wav,rain
h007_39.wav,rain
h007_40.wav,rain
h007_41.wav,rain
h007_42.wav,rain
h007_43.wav,rain
h007_44.wav,rain
h007_45.wav,rain
h007_46.wav,rain
h007_47.wav,rain
h007_48.wav,rain
h007_49.wav,rain
h007_50.wav,rain
h007_51.wav,rain
h007_52.wav,rain
h007_53.wav,rain
h007_54.wav,rain
h007_55.wav,rain
h007_56.wav,rain
h007_57.wav,rain
h007_58.wav,rain
h007_59.wav,rain
h007_60.wav,rain
h007_61.wav,rain
h007_62.wav,rain
h007_63.wav,rain
h007_64.wav,rain
h007_65.wav,rain
h007_66.wav,rain
h007_67.wav,rain
h007_68.wav,rain
h007_69.wav,rain
h007_70.wav,rain
h007_71.wav,rain
h007_72.wav,rain
h007_73.wav,rain
h007_74.wav,rain
h007_75.wav,rain
h007_76.wav,rain
h007_77.wav,rain
h007_78.wav,rain
h007_79.wav,rain
h007_80.wav,rain
h007_81.wav,rain
h007_82.wav,rain
h007_83.wav,rain
h007_84.wav,rain
h007_85.wav,rain
h007_86.wav,rain
h007_87.wav,rain
h007_88.wav,rain
h007_89.wav,rain
h007_90.wav,rain
h007_91.wav,rain
h007_92.wav,rain
h007_93.wav,rain
h007_94.wav,rain
h007_95.wav,rain
h007_96.wav,rain
h007_97.wav,rain
h007_98.wav,rain
h007_99.wav,rain
h007_100.wav,rain
h007_101.wav,rain
h007_102.wav,rain
h007_103.wav,rain
h007_104.wav,rain
h007_105.wav,rain
s003_0.wav,rain
s003_1.wav,rain
s003_2.wav,rain
s003_3.wav,rain
s003_4.wav,rain
s003_5.wav,rain
s003_6.wav,rain
s003_7.wav,rain
s003_8.wav,rain
s003_9.wav,rain
s003_10.wav,rain
s003_11.wav,rain
s003_12.wav,rain
s003_13.wav,rain
s003_14.wav,rain
s003_15.wav,rain
s003_16.wav,rain
s003_17.wav,rain
s003_18.wav,rain
s003_19.wav,rain
s003_20.wav,rain
s003_21.wav,rain
s003_22.wav,rain
s003_23.wav,rain
s003_24.wav,rain
s003_25.wav,rain
s003_26.wav,rain
s003_27.wav,rain
s003_28.wav,rain
s003_29.wav,rain
s003_30.wav,rain
s003_31.wav,rain
s003_32.wav,rain
s003_33.wav,rain
s003_34.wav,rain
s003_35.wav,rain
s003_36.wav,rain
s003_37.wav,rain
s003_38.wav,rain
s003_39.wav,rain
s003_40.wav,rain
s003_41.wav,rain
s003_42.wav,rain
s003_43.wav,rain
s003_44.wav,rain
s003_45.wav,rain
s003_46.wav,rain
l001_0.wav,rain
l001_1.wav,rain
l001_2.wav,rain
l002_0.wav,rain
l002_1.wav,rain
l002_2.wav,rain
l002_3.wav,rain
l002_4.wav,rain
l002_5.wav,rain
l002_6.wav,rain
l002_7.wav,rain
l002_8.wav,rain
l002_9.wav,rain
l002_10.wav,rain
l003_0.wav,rain
l003_1.wav,rain
l003_2.wav,rain
l003_3.wav,rain
l003_4.wav,rain
l003_5.wav,rain
l003_6.wav,rain
l003_7.wav,rain
l003_8.wav,rain
l003_9.wav,rain
l003_10.wav,rain
l003_11.wav,rain
l003_12.wav,rain
l003_13.wav,rain
l003_14.wav,rain
l003_15.wav,rain
l003_16.wav,rain
l003_17.wav,rain
l003_18.wav,rain
l003_19.wav,rain
l003_20.wav,rain
l003_21.wav,rain
l003_22.wav,rain
l003_23.wav,rain
l003_24.wav,rain
l003_25.wav,rain
l003_26.wav,rain
l003_27.wav,rain
l003_28.wav,rain
l003_29.wav,rain
l003_30.wav,rain
l003_31.wav,rain
l003_32.wav,rain
l003_33.wav,rain
l003_34.wav,rain
l003_35.wav,rain
l003_36.wav,rain
l003_37.wav,rain
l003_38.wav,rain
l003_39.wav,rain
l003_40.wav,rain
l003_41.wav,rain
l003_42.wav,rain
l003_43.wav,rain
l003_44.wav,rain
l003_45.wav,rain
l003_46.wav,rain
l003_47.wav,rain
l003_48.wav,rain
l003_49.wav,rain
l003_50.wav,rain
l003_51.wav,rain
l003_52.wav,rain
l003_53.wav,rain
l003_54.wav,rain
l003_55.wav,rain
l003_56.wav,rain
l003_57.wav,rain
l003_58.wav,rain
l003_59.wav,rain
l003_60.wav,rain
l003_61.wav,rain
l003_62.wav,rain
l003_63.wav,rain
l003_64.wav,rain
l003_65.wav,rain
l003_66.wav,rain
l003_67.wav,rain
l003_68.wav,rain
l003_69.wav,rain
m001_0.wav,rain
m001_1.wav,rain
m001_2.wav,rain
m001_3.wav,rain
m002_0.wav,rain
m002_1.wav,rain
m002_2.wav,rain
m002_3.wav,rain
m002_4.wav,rain
m003_0.wav,rain
m003_1.wav,rain
m003_2.wav,rain
m003_3.wav,rain
m003_4.wav,rain
m003_5.wav,rain
m003_6.wav,rain
m003_7.wav,rain
m003_8.wav,rain
m003_9.wav,rain
m003_10.wav,rain
m003_11.wav,rain
m003_12.wav,rain
m003_13.wav,rain
m003_14.wav,rain
m003_15.wav,rain
m003_16.wav,rain
m003_17.wav,rain
m003_18.wav,rain
m003_19.wav,rain
m003_20.wav,rain
m003_21.wav,rain
m003_22.wav,rain
m003_23.wav,rain
m003_24.wav,rain
m003_25.wav,rain
m003_26.wav,rain
m003_27.wav,rain
m003_28.wav,rain
m003_29.wav,rain
m003_30.wav,rain
m003_31.wav,rain
m003_32.wav,rain
m003_33.wav,rain
m003_34.wav,rain
m003_35.wav,rain
m003_36.wav,rain
m003_37.wav,rain
m003_38.wav,rain
m003_39.wav,rain
m003_40.wav,rain
m003_41.wav,rain
m003_42.wav,rain
m003_43.wav,rain
m003_44.wav,rain
m003_45.wav,rain
m003_46.wav,rain
m003_47.wav,rain
m003_48.wav,rain
m003_49.wav,rain
m003_50.wav,rain
m003_51.wav,rain
m003_52.wav,rain
m003_53.wav,rain
m003_54.wav,rain
m003_55.wav,rain
m003_56.wav,rain
m003_57.wav,rain
m003_58.wav,rain
m003_59.wav,rain
m003_60.wav,rain
m003_61.wav,rain
m003_62.wav,rain
m003_63.wav,rain
m003_64.wav,rain
m003_65.wav,rain
m003_66.wav,rain
m003_67.wav,rain
m003_68.wav,rain
m003_69.wav,rain
m003_70.wav,rain
m003_71.wav,rain
m003_72.wav,rain
m003_73.wav,rain
m003_74.wav,rain
m003_75.wav,rain
m003_76.wav,rain
m003_77.wav,rain
m003_78.wav,rain
m003_79.wav,rain
m003_80.wav,rain
m003_81.wav,rain
m003_82.wav,rain
m003_83.wav,rain
m003_84.wav,rain
m004_0.wav,rain
m004_1.wav,rain
m004_2.wav,rain
m004_3.wav,rain
m004_4.wav,rain
m004_5.wav,rain
m004_6.wav,rain
m004_7.wav,rain
m004_8.wav,rain
m004_9.wav,rain
m004_10.wav,rain
m004_11.wav,rain
m004_12.wav,rain
m004_13.wav,rain
m004_14.wav,rain
m004_15.wav,rain
m004_16.wav,rain
m004_17.wav,rain
m004_18.wav,rain
m004_19.wav,rain
h008_0.wav,rain
h008_1.wav,rain
h008_2.wav,rain
h008_3.wav,rain
h008_4.wav,rain
h008_5.wav,rain
h008_6.wav,rain
h008_7.wav,rain
h008_8.wav,rain
h008_9.wav,rain
h008_10.wav,rain
h008_11.wav,rain
h008_12.wav,rain
h008_13.wav,rain
h008_14.wav,rain
h008_15.wav,rain
h008_16.wav,rain
h008_17.wav,rain
h008_18.wav,rain
h008_19.wav,rain
h008_20.wav,rain
h008_21.wav,rain
h008_22.wav,rain
h008_23.wav,rain
h008_24.wav,rain
h008_25.wav,rain
h008_26.wav,rain
h008_27.wav,rain
h008_28.wav,rain
h008_29.wav,rain
cp001_0.wav,car_passing
cp001_1.wav,car_passing
cp001_2.wav,car_passing
cp002_0.wav,car_passing
cp002_1.wav,car_passing
cp002_2.wav,car_passing
cp002_3.wav,car_passing
cp002_4.wav,car_passing
cp004_0.wav,car_passing
cp004_1.wav,car_passing
cp004_2.wav,car_passing
cp004_3.wav,car_passing
cp005_0.wav,car_passing
cp005_1.wav,car_passing
cp005_2.wav,car_passing
cp005_3.wav,car_passing
cp005_4.wav,car_passing
cp005_5.wav,car_passing
cp005_6.wav,car_passing
cp005_7.wav,car_passing
cp005_8.wav,car_passing
cp005_9.wav,car_passing
cp006_0.wav,car_passing
cp006_1.wav,car_passing
cp007_0.wav,car_passing
cp007_1.wav,car_passing
cp007_2.wav,car_passing
cp007_3.wav,car_passing
cp007_4.wav,car_passing
cp007_5.wav,car_passing
cp007_6.wav,car_passing
cp007_7.wav,car_passing
cp007_8.wav,car_passing
cp007_9.wav,car_passing
cp007_10.wav,car_passing
cp007_11.wav,car_passing
cp007_12.wav,car_passing
cp007_13.wav,car_passing
cp007_14.wav,car_passing
cp007_15.wav,car_passing
cp007_16.wav,car_passing
cp007_17.wav,car_passing
cp007_18.wav,car_passing
cp007_19.wav,car_passing
cp007_20.wav,car_passing
cp007_21.wav,car_passing
cp007_22.wav,car_passing
cp007_23.wav,car_passing
cp007_24.wav,car_passing
cp007_25.wav,car_passing
cp007_26.wav,car_passing
cp007_27.wav,car_passing
cp007_28.wav,car_passing
cp007_29.wav,car_passing
cp007_30.wav,car_passing
cp007_31.wav,car_passing
cp007_32.wav,car_passing
cp007_33.wav,car_passing
cp007_34.wav,car_passing
cp007_35.wav,car_passing
cp007_36.wav,car_passing
cp007_37.wav,car_passing
cp007_38.wav,car_passing
cp007_39.wav,car_passing
cp007_40.wav,car_passing
cp007_41.wav,car_passing
cp007_42.wav,car_passing
cp007_43.wav,car_passing
cp007_44.wav,car_passing
cp007_45.wav,car_passing
cp007_46.wav,car_passing
cp007_47.wav,car_passing
cp007_48.wav,car_passing
cp007_49.wav,car_passing
cp007_50.wav,car_passing
cp007_51.wav,car_passing
cp007_52.wav,car_passing
cp007_53.wav,car_passing
cp007_54.wav,car_passing
cp007_55.wav,car_passing
cp007_56.wav,car_passing
cp007_57.wav,car_passing
cp007_58.wav,car_passing
cp007_59.wav,car_passing
cp007_60.wav,car_passing
cp007_61.wav,car_passing
cp007_62.wav,car_passing
cp007_63.wav,car_passing
cp007_64.wav,car_passing
cp007_65.wav,car_passing
cp007_66.wav,car_passing
cp007_67.wav,car_passing
cp008_0.wav,car_passing
cp008_1.wav,car_passing
cp008_2.wav,car_passing
cp008_3.wav,car_passing
cp008_4.wav,car_passing
cp008_5.wav,car_passing
cp009_0.wav,car_passing
cp010_0.wav,car_passing
cp010_1.wav,car_passing
cp010_2.wav,car_passing
cp010_3.wav,car_passing
cp010_4.wav,car_passing
cp010_5.wav,car_passing
cp010_6.wav,car_passing
cp010_7.wav,car_passing
cp010_8.wav,car_passing
cp010_9.wav,car_passing
cp010_10.wav,car_passing
cp010_11.wav,car_passing
cp010_12.wav,car_passing
cp010_13.wav,car_passing
cp010_14.wav,car_passing
cp010_15.wav,car_passing
cp010_16.wav,car_passing
cp010_17.wav,car_passing
cp010_18.wav,car_passing
cp010_19.wav,car_passing
cp010_20.wav,car_passing
cp010_21.wav,car_passing
cp010_22.wav,car_passing
cp010_23.wav,car_passing
cp010_24.wav,car_passing
cp010_25.wav,car_passing
cp010_26.wav,car_passing
cp010_27.wav,car_passing
cp010_28.wav,car_passing
cp010_29.wav,car_passing
cp010_30.wav,car_passing
cp010_31.wav,car_passing
cp010_32.wav,car_passing
cp010_33.wav,car_passing
cp010_34.wav,car_passing
cp010_35.wav,car_passing
cp010_36.wav,car_passing
cp010_37.wav,car_passing
cp010_38.wav,car_passing
cp010_39.wav,car_passing
cp010_40.wav,car_passing
cp010_41.wav,car_passing
cp010_42.wav,car_passing
cp010_43.wav,car_passing
cp010_44.wav,car_passing
cp010_45.wav,car_passing
cp010_46.wav,car_passing
cp010_47.wav,car_passing
cp010_48.wav,car_passing
cp010_49.wav,car_passing
cp010_50.wav,car_passing
cp010_51.wav,car_passing
cp010_52.wav,car_passing
cp010_53.wav,car_passing
cp010_54.wav,car_passing
cp010_55.wav,car_passing
cp010_56.wav,car_passing
cp010_57.wav,car_passing
cp010_58.wav,car_passing
cp011_0.wav,car_passing
cp011_1.wav,car_passing
cp012_0.wav,car_passing
cp013_0.wav,car_passing
cp013_1.wav,car_passing
cp013_2.wav,car_passing
cp013_3.wav,car_passing
cp013_4.wav,car_passing
cp013_5.wav,car_passing
cp013_6.wav,car_passing
cp014_0.wav,car_passing
cp016_0.wav,car_passing
cp016_1.wav,car_passing
cp016_2.wav,car_passing
cp017_0.wav,car_passing
cp017_1.wav,car_passing
cp017_2.wav,car_passing
cp017_3.wav,car_passing
cp018_0.wav,car_passing
cp019_0.wav,car_passing
cp019_1.wav,car_passing
cp019_2.wav,car_passing
cp019_3.wav,car_passing
cp019_4.wav,car_passing
cp019_5.wav,car_passing
cp019_6.wav,car_passing
cp019_7.wav,car_passing
cp019_8.wav,car_passing
cp019_9.wav,car_passing
cp019_10.wav,car_passing
cp019_11.wav,car_passing
cp019_12.wav,car_passing
cp019_13.wav,car_passing
cp019_14.wav,car_passing
cp019_15.wav,car_passing
cp019_16.wav,car_passing
cp019_17.wav,car_passing
cp019_18.wav,car_passing
cp019_19.wav,car_passing
cp019_20.wav,car_passing
cp019_21.wav,car_passing
cp019_22.wav,car_passing
cp019_23.wav,car_passing
cp019_24.wav,car_passing
cp019_25.wav,car_passing
cp019_26.wav,car_passing
cp019_27.wav,car_passing
cp019_28.wav,car_passing
cp019_29.wav,car_passing
cp020_0.wav,car_passing
cp021_0.wav,car_passing
cp021_1.wav,car_passing
cp021_2.wav,car_passing
cp021_3.wav,car_passing
cp021_4.wav,car_passing
cp021_5.wav,car_passing
cp021_6.wav,car_passing
cp022_0.wav,car_passing
cp022_1.wav,car_passing
cp022_2.wav,car_passing
cp022_3.wav,car_passing
cp022_4.wav,car_passing
cp022_5.wav,car_passing
cp022_6.wav,car_passing
cp022_7.wav,car_passing
cp022_8.wav,car_passing
cp023_0.wav,car_passing
cp023_1.wav,car_passing
cp024_0.wav,car_passing
cp024_1.wav,car_passing
cp024_2.wav,car_passing
cp024_3.wav,car_passing
cp024_4.wav,car_passing
cp024_5.wav,car_passing
cp024_6.wav,car_passing
cp024_7.wav,car_passing
cp024_8.wav,car_passing
cp024_9.wav,car_passing
cp026_0.wav,car_passing
cp026_1.wav,car_passing
cp027_0.wav,car_passing
cp027_1.wav,car_passing
cp028_0.wav,car_passing
cp029_0.wav,car_passing
cp029_1.wav,car_passing
cp030_0.wav,car_passing
cp031_0.wav,car_passing
cp031_1.wav,car_passing
cp032_0.wav,car_passing
cp033_0.wav,car_passing
cp034_0.wav,car_passing
cp034_1.wav,car_passing
cp034_2.wav,car_passing
cp034_3.wav,car_passing
cp034_4.wav,car_passing
cp034_5.wav,car_passing
cp034_6.wav,car_passing
cp034_7.wav,car_passing
cp034_8.wav,car_passing
cp034_9.wav,car_passing
cp034_10.wav,car_passing
cp034_11.wav,car_passing
cp035_0.wav,car_passing
cp035_1.wav,car_passing
cp035_2.wav,car_passing
cp035_3.wav,car_passing
cp035_4.wav,car_passing
cp035_5.wav,car_passing
cp036_0.wav,car_passing
cp036_1.wav,car_passing
cp036_2.wav,car_passing
cp036_3.wav,car_passing
cp036_4.wav,car_passing
cp036_5.wav,car_passing
cp036_6.wav,car_passing
cp036_7.wav,car_passing
cp036_8.wav,car_passing
cp036_9.wav,car_passing
cp036_10.wav,car_passing
cp036_11.wav,car_passing
cp036_12.wav,car_passing
cp036_13.wav,car_passing
cp036_14.wav,car_passing
cp036_15.wav,car_passing
cp036_16.wav,car_passing
cp036_17.wav,car_passing
cp037_0.wav,car_passing
cp037_1.wav,car_passing
cp037_2.wav,car_passing
cp037_3.wav,car_passing
cp038_0.wav,car_passing
cp038_1.wav,car_passing
cp038_2.wav,car_passing
cp038_3.wav,car_passing
cp038_4.wav,car_passing
cp039_0.wav,car_passing
cp040_0.wav,car_passing
cp040_1.wav,car_passing
cp041_0.wav,car_passing
cp041_1.wav,car_passing
cp041_2.wav,car_passing
cp042_0.wav,car_passing
cp042_1.wav,car_passing
cp042_2.wav,car_passing
cp042_3.wav,car_passing
cp042_4.wav,car_passing
cp042_5.wav,car_passing
cp042_6.wav,car_passing
cp042_7.wav,car_passing
cp042_8.wav,car_passing
cp042_9.wav,car_passing
cp042_10.wav,car_passing
cp042_11.wav,car_passing
cp042_12.wav,car_passing
cp042_13.wav,car_passing
cp042_14.wav,car_passing
cp042_15.wav,car_passing
cp042_16.wav,car_passing
cp043_0.wav,car_passing
cp043_1.wav,car_passing
cp043_2.wav,car_passing
cp043_3.wav,car_passing
cp043_4.wav,car_passing
cp044_0.wav,car_passing
cp044_1.wav,car_passing
cp044_2.wav,car_passing
cp044_3.wav,car_passing
cp044_4.wav,car_passing
cp044_5.wav,car_passing
cp044_6.wav,car_passing
cp044_7.wav,car_passing
cp044_8.wav,car_passing
cp044_9.wav,car_passing
cp044_10.wav,car_passing
cp044_11.wav,car_passing
cp044_12.wav,car_passing
cp044_13.wav,car_passing
cp044_14.wav,car_passing
cp044_15.wav,car_passing
cp044_16.wav,car_passing
cp045_0.wav,car_passing
cp045_1.wav,car_passing
cp045_2.wav,car_passing
cp045_3.wav,car_passing
cp045_4.wav,car_passing
cp045_5.wav,car_passing
cp045_6.wav,car_passing
cp045_7.wav,car_passing
cp045_8.wav,car_passing
cp045_9.wav,car_passing
cp045_10.wav,car_passing
cp045_11.wav,car_passing
cp045_12.wav,car_passing
cp045_13.wav,car_passing
cp045_14.wav,car_passing
cp045_15.wav,car_passing
cp045_16.wav,car_passing
cp045_17.wav,car_passing
cp045_18.wav,car_passing
cp046_0.wav,car_passing
cp046_1.wav,car_passing
cp047_0.wav,car_passing
cp047_1.wav,car_passing
cp047_2.wav,car_passing
cp048_0.wav,car_passing
cp048_1.wav,car_passing
cp048_2.wav,car_passing
cp048_3.wav,car_passing
cp049_0.wav,car_passing
cp049_1.wav,car_passing
cp050_0.wav,car_passing
cp051_0.wav,car_passing
cp051_1.wav,car_passing
cp052_0.wav,car_passing
cp053_0.wav,car_passing
cp053_1.wav,car_passing
cp053_2.wav,car_passing
cp054_0.wav,car_passing
cp055_0.wav,car_passing
cp055_1.wav,car_passing
cp055_2.wav,car_passing
cp055_3.wav,car_passing
cp055_4.wav,car_passing
cp055_5.wav,car_passing
cp055_6.wav,car_passing
cp055_7.wav,car_passing
cp055_8.wav,car_passing
cp055_9.wav,car_passing
cp055_10.wav,car_passing
cp055_11.wav,car_passing
cp055_12.wav,car_passing
cp055_13.wav,car_passing
cp055_14.wav,car_passing
cp055_15.wav,car_passing
cp055_16.wav,car_passing
cp055_17.wav,car_passing
cp055_18.wav,car_passing
cp055_19.wav,car_passing
cp055_20.wav,car_passing
cp055_21.wav,car_passing
cp055_22.wav,car_passing
cp055_23.wav,car_passing
cp055_24.wav,car_passing
cp055_25.wav,car_passing
cp055_26.wav,car_passing
cp055_27.wav,car_passing
cp055_28.wav,car_passing
cp055_29.wav,car_passing
cp055_30.wav,car_passing
cp055_31.wav,car_passing
cp055_32.wav,car_passing
cp055_33.wav,car_passing
cp055_34.wav,car_passing
cp055_35.wav,car_passing
cp055_36.wav,car_passing
cp055_37.wav,car_passing
cp055_38.wav,car_passing
cp055_39.wav,car_passing
cp055_40.wav,car_passing
cp055_41.wav,car_passing
cp055_42.wav,car_passing
cp056_0.wav,car_passing
cp056_1.wav,car_passing
cp056_2.wav,car_passing
cp056_3.wav,car_passing
cp056_4.wav,car_passing
cp056_5.wav,car_passing
cp056_6.wav,car_passing
cp056_7.wav,car_passing
cp056_8.wav,car_passing
cp056_9.wav,car_passing
cp056_10.wav,car_passing
cp056_11.wav,car_passing
cp056_12.wav,car_passing
cp056_13.wav,car_passing
cp056_14.wav,car_passing
cp056_15.wav,car_passing
cp056_16.wav,car_passing
cp057_0.wav,car_passing
cp057_1.wav,car_passing
cp058_0.wav,car_passing
cp058_1.wav,car_passing
cp058_2.wav,car_passing
cp058_3.wav,car_passing
cp058_4.wav,car_passing
cp058_5.wav,car_passing
cp058_6.wav,car_passing
cp059_0.wav,car_passing
cp059_1.wav,car_passing
cp059_2.wav,car_passing
cp059_3.wav,car_passing
cp059_4.wav,car_passing
cp059_5.wav,car_passing
cp059_6.wav,car_passing
cp059_7.wav,car_passing
cp060_0.wav,car_passing
cp060_1.wav,car_passing
cp060_2.wav,car_passing
cp060_3.wav,car_passing
cp060_4.wav,car_passing
cp060_5.wav,car_passing
cp060_6.wav,car_passing
cp060_7.wav,car_passing
cp060_8.wav,car_passing
cp060_9.wav,car_passing
cp060_10.wav,car_passing
cp060_11.wav,car_passing
cp060_12.wav,car_passing
cp060_13.wav,car_passing
cp060_14.wav,car_passing
cp060_15.wav,car_passing
cp060_16.wav,car_passing
cp060_17.wav,car_passing
cp060_18.wav,car_passing
cp060_19.wav,car_passing
cp060_20.wav,car_passing
cp060_21.wav,car_passing
cp060_22.wav,car_passing
cp060_23.wav,car_passing
cp060_24.wav,car_passing
cp060_25.wav,car_passing
cp060_26.wav,car_passing
cp060_27.wav,car_passing
cp060_28.wav,car_passing
cp060_29.wav,car_passing
cp060_30.wav,car_passing
cp060_31.wav,car_passing
cp060_32.wav,car_passing
cp060_33.wav,car_passing
cp060_34.wav,car_passing
cp060_35.wav,car_passing
cp060_36.wav,car_passing
cp060_37.wav,car_passing
cp060_38.wav,car_passing
cp060_39.wav,car_passing
cp060_40.wav,car_passing
cp060_41.wav,car_passing
cp060_42.wav,car_passing
cp060_43.wav,car_passing
cp060_44.wav,car_passing
cp060_45.wav,car_passing
cp060_46.wav,car_passing
cp060_47.wav,car_passing
cp060_48.wav,car_passing
cp060_49.wav,car_passing
cp060_50.wav,car_passing
cp060_51.wav,car_passing
cp060_52.wav,car_passing
cp061_0.wav,car_passing
cp061_1.wav,car_passing
cp061_2.wav,car_passing
cp061_3.wav,car_passing
cp061_4.wav,car_passing
cp061_5.wav,car_passing
cp061_6.wav,car_passing
cp061_7.wav,car_passing
cp061_8.wav,car_passing
cp061_9.wav,car_passing
cp061_10.wav,car_passing
cp061_11.wav,car_passing
cp061_12.wav,car_passing
cp061_13.wav,car_passing
cp061_14.wav,car_passing
cp061_15.wav,car_passing
cp061_16.wav,car_passing
cp061_17.wav,car_passing
cp061_18.wav,car_passing
cp061_19.wav,car_passing
cp061_20.wav,car_passing
cp061_21.wav,car_passing
cp061_22.wav,car_passing
cp061_23.wav,car_passing
cp061_24.wav,car_passing
cp061_25.wav,car_passing
cp061_26.wav,car_passing
cp061_27.wav,car_passing
cp061_28.wav,car_passing
cp061_29.wav,car_passing
cp061_30.wav,car_passing
cp061_31.wav,car_passing
cp061_32.wav,car_passing
cp061_33.wav,car_passing
cp061_34.wav,car_passing
cp061_35.wav,car_passing
cp061_36.wav,car_passing
cp061_37.wav,car_passing
cp061_38.wav,car_passing
cp061_39.wav,car_passing
cp061_40.wav,car_passing
cp061_41.wav,car_passing
cp061_42.wav,car_passing
cp061_43.wav,car_passing
cp061_44.wav,car_passing
cp061_45.wav,car_passing
cp061_46.wav,car_passing
cp061_47.wav,car_passing
cp061_48.wav,car_passing
cp061_49.wav,car_passing
cp061_50.wav,car_passing
cp061_51.wav,car_passing
cp061_52.wav,car_passing
cp061_53.wav,car_passing
cp061_54.wav,car_passing
cp061_55.wav,car_passing
cp061_56.wav,car_passing
cp061_57.wav,car_passing
cp061_58.wav,car_passing
cp061_59.wav,car_passing
cp061_60.wav,car_passing
cp061_61.wav,car_passing
cp061_62.wav,car_passing
cp061_63.wav,car_passing
cp061_64.wav,car_passing
cp061_65.wav,car_passing
cp061_66.wav,car_passing
cp061_67.wav,car_passing
cp061_68.wav,car_passing
cp061_69.wav,car_passing
cp061_70.wav,car_passing
cp061_71.wav,car_passing
cp061_72.wav,car_passing
cp061_73.wav,car_passing
cp061_74.wav,car_passing
cp061_75.wav,car_passing
cp061_76.wav,car_passing
cp061_77.wav,car_passing
cp061_78.wav,car_passing
cp061_79.wav,car_passing
cp061_80.wav,car_passing
cp061_81.wav,car_passing
cp061_82.wav,car_passing
cp061_83.wav,car_passing
cp061_84.wav,car_passing
cp061_85.wav,car_passing
cp061_86.wav,car_passing
cp061_87.wav,car_passing
cp061_88.wav,car_passing
cp061_89.wav,car_passing
cp061_90.wav,car_passing
cp061_91.wav,car_passing
cp061_92.wav,car_passing
cp061_93.wav,car_passing
walk001_0.wav,walking
walk002_0.wav,walking
walk002_1.wav,walking
walk002_2.wav,walking
walk002_3.wav,walking
walk002_4.wav,walking
walk002_5.wav,walking
walk002_6.wav,walking
walk002_7.wav,walking
walk002_8.wav,walking
walk002_9.wav,walking
walk003_0.wav,walking
walk003_1.wav,walking
walk003_2.wav,walking
walk003_3.wav,walking
walk003_4.wav,walking
walk004_0.wav,walking
walk004_1.wav,walking
walk004_2.wav,walking
walk004_3.wav,walking
walk004_4.wav,walking
walk004_5.wav,walking
walk004_6.wav,walking
walk004_7.wav,walking
walk004_8.wav,walking
walk004_9.wav,walking
walk004_10.wav,walking
walk004_11.wav,walking
walk004_12.wav,walking
walk004_13.wav,walking
walk005_0.wav,walking
walk005_1.wav,walking
walk005_2.wav,walking
walk005_3.wav,walking
walk005_4.wav,walking
walk005_5.wav,walking
walk005_6.wav,walking
walk005_7.wav,walking
walk005_8.wav,walking
walk005_9.wav,walking
walk005_10.wav,walking
walk005_11.wav,walking
walk005_12.wav,walking
walk006_0.wav,walking
walk007_0.wav,walking
walk008_0.wav,walking
walk009_0.wav,walking
walk010_0.wav,walking
walk011_0.wav,walking
walk012_0.wav,walking
walk013_0.wav,walking
walk016_0.wav,walking
walk017_0.wav,walking
walk017_1.wav,walking
walk018_0.wav,walking
walk018_1.wav,walking
walk019_0.wav,walking
walk020_0.wav,walking
walk021_0.wav,walking
walk022_0.wav,walking
walk023_0.wav,walking
walk023_1.wav,walking
walk024_0.wav,walking
walk024_1.wav,walking
walk025_0.wav,walking
walk025_1.wav,walking
walk025_2.wav,walking
walk025_3.wav,walking
walk026_0.wav,walking
walk026_1.wav,walking
walk027_0.wav,walking
walk027_1.wav,walking
walk027_2.wav,walking
walk027_3.wav,walking
walk027_4.wav,walking
walk027_5.wav,walking
walk027_6.wav,walking
walk027_7.wav,walking
walk027_8.wav,walking
walk027_9.wav,walking
walk027_10.wav,walking
walk027_11.wav,walking
walk027_12.wav,walking
walk027_13.wav,walking
walk027_14.wav,walking
walk027_15.wav,walking
walk027_16.wav,walking
walk027_17.wav,walking
walk027_18.wav,walking
walk027_19.wav,walking
walk027_20.wav,walking
walk027_21.wav,walking
walk027_22.wav,walking
walk027_23.wav,walking
walk027_24.wav,walking
walk027_25.wav,walking
walk028_0.wav,walking
walk028_1.wav,walking
walk028_2.wav,walking
walk028_3.wav,walking
walk028_4.wav,walking
walk028_5.wav,walking
walk028_6.wav,walking
walk028_7.wav,walking
walk028_8.wav,walking
walk028_9.wav,walking
walk028_10.wav,walking
walk028_11.wav,walking
walk028_12.wav,walking
walk028_13.wav,walking
walk028_14.wav,walking
walk028_15.wav,walking
walk028_16.wav,walking
walk028_17.wav,walking
walk028_18.wav,walking
walk028_19.wav,walking
walk028_20.wav,walking
walk028_21.wav,walking
walk028_22.wav,walking
walk028_23.wav,walking
walk028_24.wav,walking
walk028_25.wav,walking
walk029_0.wav,walking
walk029_1.wav,walking
walk029_2.wav,walking
walk029_3.wav,walking
walk029_4.wav,walking
walk029_5.wav,walking
walk029_6.wav,walking
walk029_7.wav,walking
walk029_8.wav,walking
walk029_9.wav,walking
walk029_10.wav,walking
walk029_11.wav,walking
walk029_12.wav,walking
walk029_13.wav,walking
walk029_14.wav,walking
walk029_15.wav,walking
walk029_16.wav,walking
walk029_17.wav,walking
walk029_18.wav,walking
walk029_19.wav,walking
walk029_20.wav,walking
walk029_21.wav,walking
walk029_22.wav,walking
walk029_23.wav,walking
walk029_24.wav,walking
walk029_25.wav,walking
walk029_26.wav,walking
walk029_27.wav,walking
walk029_28.wav,walking
walk029_29.wav,walking
walk029_30.wav,walking
walk029_31.wav,walking
walk029_32.wav,walking
walk029_33.wav,walking
walk029_34.wav,walking
walk029_35.wav,walking
walk029_36.wav,walking
walk029_37.wav,walking
walk029_38.wav,walking
walk030_0.wav,walking
walk030_1.wav,walking
walk030_2.wav,walking
walk030_3.wav,walking
walk030_4.wav,walking
walk030_5.wav,walking
walk030_6.wav,walking
walk030_7.wav,walking
walk030_8.wav,walking
walk030_9.wav,walking
walk030_10.wav,walking
walk030_11.wav,walking
walk030_12.wav,walking
walk030_13.wav,walking
walk030_14.wav,walking
walk030_15.wav,walking
walk030_16.wav,walking
walk030_17.wav,walking
walk030_18.wav,walking
walk030_19.wav,walking
walk030_20.wav,walking
walk030_21.wav,walking
walk030_22.wav,walking
walk030_23.wav,walking
walk030_24.wav,walking
walk030_25.wav,walking
walk030_26.wav,walking
walk030_27.wav,walking
walk030_28.wav,walking
walk031_0.wav,walking
walk031_1.wav,walking
walk031_2.wav,walking
walk031_3.wav,walking
walk031_4.wav,walking
walk031_5.wav,walking
walk031_6.wav,walking
walk031_7.wav,walking
walk031_8.wav,walking
walk031_9.wav,walking
walk031_10.wav,walking
walk031_11.wav,walking
walk031_12.wav,walking
walk031_13.wav,walking
walk031_14.wav,walking
walk031_15.wav,walking
walk031_16.wav,walking
walk031_17.wav,walking
walk031_18.wav,walking
walk031_19.wav,walking
walk031_20.wav,walking
walk031_21.wav,walking
walk031_22.wav,walking
walk031_23.wav,walking
walk031_24.wav,walking
walk031_25.wav,walking
walk032_0.wav,walking
walk032_1.wav,walking
walk033_0.wav,walking
walk033_1.wav,walking
walk033_2.wav,walking
walk033_3.wav,walking
walk033_4.wav,walking
walk034_0.wav,walking
walk034_1.wav,walking
walk034_2.wav,walking
walk034_3.wav,walking
walk034_4.wav,walking
walk034_5.wav,walking
walk034_6.wav,walking
walk034_7.wav,walking
walk035_0.wav,walking
walk035_1.wav,walking
walk035_2.wav,walking
walk035_3.wav,walking
walk035_4.wav,walking
walk035_5.wav,walking
walk035_6.wav,walking
walk035_7.wav,walking
walk035_8.wav,walking
walk035_9.wav,walking
walk035_10.wav,walking
walk035_11.wav,walking
walk035_12.wav,walking
walk035_13.wav,walking
walk035_14.wav,walking
walk035_15.wav,walking
walk035_16.wav,walking
walk035_17.wav,walking
walk035_18.wav,walking
walk035_19.wav,walking
walk035_20.wav,walking
walk035_21.wav,walking
walk035_22.wav,walking
walk035_23.wav,walking
walk035_24.wav,walking
walk035_25.wav,walking
walk035_26.wav,walking
walk035_27.wav,walking
walk035_28.wav,walking
walk035_29.wav,walking
walk035_30.wav,walking
walk035_31.wav,walking
walk035_32.wav,walking
walk035_33.wav,walking
walk035_34.wav,walking
walk035_35.wav,walking
walk035_36.wav,walking
walk035_37.wav,walking
walk035_38.wav,walking
walk035_39.wav,walking
walk035_40.wav,walking
walk035_41.wav,walking
walk035_42.wav,walking
walk035_43.wav,walking
walk035_44.wav,walking
walk035_45.wav,walking
walk035_46.wav,walking
walk035_47.wav,walking
walk035_48.wav,walking
walk035_49.wav,walking
walk035_50.wav,walking
walk035_51.wav,walking
walk035_52.wav,walking
walk035_53.wav,walking
walk035_54.wav,walking
walk035_55.wav,walking
walk035_56.wav,walking
walk035_57.wav,walking
walk035_58.wav,walking
walk035_59.wav,walking
walk035_60.wav,walking
walk035_61.wav,walking
walk035_62.wav,walking
walk035_63.wav,walking
walk035_64.wav,walking
walk035_65.wav,walking
walk035_66.wav,walking
walk035_67.wav,walking
walk035_68.wav,walking
walk035_69.wav,walking
walk036_0.wav,walking
walk036_1.wav,walking
walk036_2.wav,walking
walk036_3.wav,walking
walk036_4.wav,walking
walk036_5.wav,walking
walk036_6.wav,walking
walk036_7.wav,walking
walk037_0.wav,walking
walk037_1.wav,walking
walk037_2.wav,walking
walk038_0.wav,walking
walk038_1.wav,walking
walk038_2.wav,walking
walk038_3.wav,walking
walk038_4.wav,walking
walk038_5.wav,walking
walk038_6.wav,walking
walk038_7.wav,walking
walk038_8.wav,walking
walk038_9.wav,walking
walk038_10.wav,walking
walk038_11.wav,walking
walk038_12.wav,walking
walk038_13.wav,walking
walk038_14.wav,walking
walk038_15.wav,walking
walk038_16.wav,walking
walk038_17.wav,walking
walk038_18.wav,walking
walk038_19.wav,walking
walk038_20.wav,walking
walk038_21.wav,walking
walk038_22.wav,walking
walk038_23.wav,walking
walk038_24.wav,walking
walk038_25.wav,walking
walk038_26.wav,walking
walk038_27.wav,walking
walk039_0.wav,walking
walk039_1.wav,walking
walk039_2.wav,walking
walk039_3.wav,walking
walk039_4.wav,walking
walk039_5.wav,walking
walk039_6.wav,walking
walk039_7.wav,walking
walk039_8.wav,walking
walk039_9.wav,walking
walk039_10.wav,walking
walk039_11.wav,walking
walk040_0.wav,walking
walk040_1.wav,walking
walk040_2.wav,walking
walk041_0.wav,walking
walk041_1.wav,walking
walk041_2.wav,walking
walk041_3.wav,walking
walk041_4.wav,walking
walk041_5.wav,walking
walk041_6.wav,walking
walk041_7.wav,walking
walk041_8.wav,walking
walk041_9.wav,walking
walk041_10.wav,walking
walk041_11.wav,walking
walk041_12.wav,walking
walk041_13.wav,walking
walk041_14.wav,walking
walk041_15.wav,walking
walk041_16.wav,walking
walk041_17.wav,walking
walk041_18.wav,walking
walk042_0.wav,walking
walk042_1.wav,walking
walk042_2.wav,walking
walk042_3.wav,walking
walk042_4.wav,walking
walk043_0.wav,walking
walk043_1.wav,walking
walk044_0.wav,walking
walk044_1.wav,walking
walk045_0.wav,walking
walk046_0.wav,walking
walk046_1.wav,walking
walk047_0.wav,walking
walk047_1.wav,walking
walk048_0.wav,walking
walk049_0.wav,walking
walk049_1.wav,walking
walk050_0.wav,walking
walk051_0.wav,walking
walk052_0.wav,walking
walk053_0.wav,walking
walk053_1.wav,walking
walk054_0.wav,walking
walk055_0.wav,walking
walk055_1.wav,walking
walk055_2.wav,walking
walk055_3.wav,walking
walk055_4.wav,walking
walk055_5.wav,walking
walk077_0.wav,walking
walk077_1.wav,walking
walk077_2.wav,walking
walk077_3.wav,walking
walk077_4.wav,walking
walk077_5.wav,walking
walk077_6.wav,walking
walk077_7.wav,walking
walk077_8.wav,walking
walk077_9.wav,walking
walk077_10.wav,walking
walk077_11.wav,walking
walk077_12.wav,walking
walk077_13.wav,walking
walk077_14.wav,walking
walk077_15.wav,walking
walk077_16.wav,walking
walk077_17.wav,walking
walk077_18.wav,walking
walk077_19.wav,walking
walk078_0.wav,walking
walk078_1.wav,walking
walk079_0.wav,walking
walk079_1.wav,walking
walk079_2.wav,walking
walk079_3.wav,walking
walk079_4.wav,walking
walk079_5.wav,walking
walk079_6.wav,walking
walk079_7.wav,walking
walk079_8.wav,walking
walk079_9.wav,walking
walk079_10.wav,walking
walk079_11.wav,walking
walk079_12.wav,walking
walk079_13.wav,walking
walk079_14.wav,walking
walk079_15.wav,walking
walk079_16.wav,walking
walk079_17.wav,walking
walk079_18.wav,walking
walk079_19.wav,walking
walk079_20.wav,walking
walk079_21.wav,walking
walk080_0.wav,walking
walk080_1.wav,walking
walk080_2.wav,walking
walk080_3.wav,walking
walk080_4.wav,walking
walk080_5.wav,walking
walk080_6.wav,walking
walk081_0.wav,walking
walk081_1.wav,walking
walk081_2.wav,walking
walk081_3.wav,walking
walk081_4.wav,walking
walk081_5.wav,walking
walk081_6.wav,walking
walk081_7.wav,walking
walk081_8.wav,walking
walk081_9.wav,walking
walk082_0.wav,walking
walk082_1.wav,walking
walk082_2.wav,walking
walk083_0.wav,walking
walk083_1.wav,walking
walk083_2.wav,walking
walk083_3.wav,walking
walk084_0.wav,walking
walk085_0.wav,walking
walk085_1.wav,walking
walk085_2.wav,walking
walk085_3.wav,walking
walk085_4.wav,walking
walk085_5.wav,walking
walk085_6.wav,walking
walk085_7.wav,walking
walk085_8.wav,walking
walk085_9.wav,walking
walk085_10.wav,walking
walk085_11.wav,walking
walk085_12.wav,walking
walk085_13.wav,walking
walk085_14.wav,walking
walk085_15.wav,walking
walk085_16.wav,walking
walk085_17.wav,walking
walk085_18.wav,walking
walk085_19.wav,walking
walk085_20.wav,walking
walk085_21.wav,walking
walk085_22.wav,walking
walk085_23.wav,walking
walk085_24.wav,walking
walk085_25.wav,walking
walk085_26.wav,walking
walk085_27.wav,walking
walk085_28.wav,walking
walk085_29.wav,walking
walk085_30.wav,walking
walk085_31.wav,walking
walk085_32.wav,walking
walk085_33.wav,walking
walk085_34.wav,walking
walk085_35.wav,walking
walk085_36.wav,walking
walk085_37.wav,walking
walk085_38.wav,walking
walk085_39.wav,walking
walk085_40.wav,walking
walk085_41.wav,walking
walk085_42.wav,walking
walk085_43.wav,walking
walk085_44.wav,walking
walk085_45.wav,walking
walk085_46.wav,walking
walk085_47.wav,walking
walk085_48.wav,walking
walk085_49.wav,walking
walk085_50.wav,walking
walk085_51.wav,walking
walk085_52.wav,walking
walk085_53.wav,walking
walk085_54.wav,walking
walk085_55.wav,walking
walk085_56.wav,walking
walk085_57.wav,walking
walk085_58.wav,walking
walk085_59.wav,walking
walk085_60.wav,walking
walk085_74.wav,walking
walk085_75.wav,walking
walk085_76.wav,walking
walk085_77.wav,walking
walk085_78.wav,walking
walk085_79.wav,walking
walk085_80.wav,walking
walk085_81.wav,walking
walk085_82.wav,walking
walk085_83.wav,walking
walk085_84.wav,walking
walk085_85.wav,walking
walk085_86.wav,walking
walk085_87.wav,walking
walk085_88.wav,walking
walk085_89.wav,walking
walk085_90.wav,walking
walk085_91.wav,walking
walk085_92.wav,walking
walk085_93.wav,walking
walk085_94.wav,walking
walk085_95.wav,walking
walk085_96.wav,walking
walk085_97.wav,walking
walk085_98.wav,walking
walk085_99.wav,walking
walk085_100.wav,walking
walk085_101.wav,walking
walk085_102.wav,walking
walk085_103.wav,walking
walk085_104.wav,walking
walk085_105.wav,walking
walk085_106.wav,walking
walk085_107.wav,walking
walk085_108.wav,walking
walk085_109.wav,walking
walk085_110.wav,walking
walk085_111.wav,walking
walk085_112.wav,walking
walk085_113.wav,walking
walk085_114.wav,walking
walk085_115.wav,walking
walk085_116.wav,walking
walk085_117.wav,walking
walk085_118.wav,walking
walk085_119.wav,walking
walk085_120.wav,walking
walk085_121.wav,walking
walk085_122.wav,walking
walk085_123.wav,walking
walk085_124.wav,walking
walk085_125.wav,walking
walk085_126.wav,walking
walk085_127.wav,walking
walk085_128.wav,walking
walk085_129.wav,walking
walk085_130.wav,walking
walk085_131.wav,walking
walk085_132.wav,walking
walk085_133.wav,walking
walk085_134.wav,walking
walk085_135.wav,walking
walk085_136.wav,walking
walk085_137.wav,walking
walk085_138.wav,walking
walk085_139.wav,walking
walk085_140.wav,walking
wind001_0.wav,wind
wind001_1.wav,wind
wind001_2.wav,wind
wind001_3.wav,wind
wind001_4.wav,wind
wind001_5.wav,wind
wind001_6.wav,wind
wind001_7.wav,wind
wind001_8.wav,wind
wind001_9.wav,wind
wind001_10.wav,wind
wind001_11.wav,wind
wind001_12.wav,wind
wind001_13.wav,wind
wind001_14.wav,wind
wind001_15.wav,wind
wind001_16.wav,wind
wind001_17.wav,wind
wind001_18.wav,wind
wind001_19.wav,wind
wind001_20.wav,wind
wind001_21.wav,wind
wind001_22.wav,wind
wind001_23.wav,wind
wind001_24.wav,wind
wind001_25.wav,wind
wind002_0.wav,wind
wind002_1.wav,wind
wind002_2.wav,wind
wind002_3.wav,wind
wind002_4.wav,wind
wind002_5.wav,wind
wind002_6.wav,wind
wind002_7.wav,wind
wind002_8.wav,wind
wind002_9.wav,wind
wind002_10.wav,wind
wind002_11.wav,wind
wind002_12.wav,wind
wind002_13.wav,wind
wind002_14.wav,wind
wind002_15.wav,wind
wind002_16.wav,wind
wind002_17.wav,wind
wind002_18.wav,wind
wind002_19.wav,wind
wind002_20.wav,wind
wind002_21.wav,wind
wind002_22.wav,wind
wind002_23.wav,wind
wind002_24.wav,wind
wind002_25.wav,wind
wind002_26.wav,wind
wind002_27.wav,wind
wind002_28.wav,wind
wind002_29.wav,wind
wind002_30.wav,wind
wind002_31.wav,wind
wind003_0.wav,wind
wind003_1.wav,wind
wind003_2.wav,wind
wind003_3.wav,wind
wind003_4.wav,wind
wind003_5.wav,wind
wind003_6.wav,wind
wind003_7.wav,wind
wind003_8.wav,wind
wind003_9.wav,wind
wind003_10.wav,wind
wind003_11.wav,wind
wind003_12.wav,wind
wind003_13.wav,wind
wind003_14.wav,wind
wind003_15.wav,wind
wind003_16.wav,wind
wind003_17.wav,wind
wind003_18.wav,wind
wind003_19.wav,wind
wind003_20.wav,wind
wind003_21.wav,wind
wind003_22.wav,wind
wind003_23.wav,wind
wind003_24.wav,wind
wind003_25.wav,wind
wind004_0.wav,wind
wind004_1.wav,wind
wind005_0.wav,wind
wind006_0.wav,wind
wind006_1.wav,wind
wind007_0.wav,wind
wind007_1.wav,wind
wind007_2.wav,wind
wind007_3.wav,wind
wind007_4.wav,wind
wind007_5.wav,wind
wind007_6.wav,wind
wind007_7.wav,wind
wind007_8.wav,wind
wind007_9.wav,wind
wind007_10.wav,wind
wind007_11.wav,wind
wind007_12.wav,wind
wind007_13.wav,wind
wind007_14.wav,wind
wind007_15.wav,wind
wind007_16.wav,wind
wind007_17.wav,wind
wind007_18.wav,wind
wind007_19.wav,wind
wind007_20.wav,wind
wind007_21.wav,wind
wind007_22.wav,wind
wind007_23.wav,wind
wind007_24.wav,wind
wind007_25.wav,wind
wind007_26.wav,wind
wind007_27.wav,wind
wind007_28.wav,wind
wind007_29.wav,wind
wind007_30.wav,wind
wind007_31.wav,wind
wind007_32.wav,wind
wind007_33.wav,wind
wind007_34.wav,wind
wind007_35.wav,wind
wind007_36.wav,wind
wind007_37.wav,wind
wind007_38.wav,wind
wind007_39.wav,wind
wind007_40.wav,wind
wind007_41.wav,wind
wind007_42.wav,wind
wind007_43.wav,wind
wind007_44.wav,wind
wind007_45.wav,wind
wind007_46.wav,wind
wind007_47.wav,wind
wind007_48.wav,wind
wind007_49.wav,wind
wind007_50.wav,wind
wind007_51.wav,wind
wind007_52.wav,wind
wind007_53.wav,wind
wind007_54.wav,wind
wind007_55.wav,wind
wind007_56.wav,wind
wind007_57.wav,wind
wind007_58.wav,wind
wind007_59.wav,wind
wind007_60.wav,wind
wind007_61.wav,wind
wind007_62.wav,wind
wind007_63.wav,wind
wind008_0.wav,wind
wind008_1.wav,wind
wind008_2.wav,wind
wind009_0.wav,wind
wind009_1.wav,wind
wind009_2.wav,wind
wind009_3.wav,wind
wind009_4.wav,wind
wind009_5.wav,wind
wind009_6.wav,wind
wind009_7.wav,wind
wind010_0.wav,wind
wind010_1.wav,wind
wind010_2.wav,wind
wind010_3.wav,wind
wind010_4.wav,wind
wind010_5.wav,wind
wind011_0.wav,wind
wind011_1.wav,wind
wind011_2.wav,wind
wind011_3.wav,wind
wind011_4.wav,wind
wind011_5.wav,wind
wind011_6.wav,wind
wind011_7.wav,wind
wind011_8.wav,wind
wind011_9.wav,wind
wind011_10.wav,wind
wind011_11.wav,wind
wind011_12.wav,wind
wind011_13.wav,wind
wind011_14.wav,wind
wind011_15.wav,wind
wind011_16.wav,wind
wind011_17.wav,wind
wind011_18.wav,wind
wind011_19.wav,wind
wind011_20.wav,wind
wind011_21.wav,wind
wind011_22.wav,wind
wind011_23.wav,wind
wind012_0.wav,wind
wind012_1.wav,wind
wind012_2.wav,wind
wind012_3.wav,wind
wind012_4.wav,wind
wind012_5.wav,wind
wind012_6.wav,wind
wind012_7.wav,wind
wind012_8.wav,wind
wind012_9.wav,wind
wind012_10.wav,wind
wind012_11.wav,wind
wind012_12.wav,wind
wind012_13.wav,wind
wind012_14.wav,wind
wind012_15.wav,wind
wind012_16.wav,wind
wind012_17.wav,wind
wind012_18.wav,wind
wind012_19.wav,wind
wind012_20.wav,wind
wind012_21.wav,wind
wind012_22.wav,wind
wind012_23.wav,wind
wind012_24.wav,wind
wind012_25.wav,wind
wind012_26.wav,wind
wind013_0.wav,wind
wind013_1.wav,wind
wind013_2.wav,wind
wind013_3.wav,wind
wind013_4.wav,wind
wind013_5.wav,wind
wind013_6.wav,wind
wind013_7.wav,wind
wind014_0.wav,wind
wind014_1.wav,wind
wind014_2.wav,wind
wind014_3.wav,wind
wind014_4.wav,wind
wind014_5.wav,wind
wind014_6.wav,wind
wind014_7.wav,wind
wind014_8.wav,wind
wind015_0.wav,wind
wind015_1.wav,wind
wind015_2.wav,wind
wind015_3.wav,wind
wind015_4.wav,wind
wind015_5.wav,wind
wind015_6.wav,wind
wind015_7.wav,wind
wind015_8.wav,wind
wind015_9.wav,wind
wind015_10.wav,wind
wind015_11.wav,wind
wind015_12.wav,wind
wind015_13.wav,wind
wind015_14.wav,wind
wind015_15.wav,wind
wind015_16.wav,wind
wind015_17.wav,wind
wind015_18.wav,wind
wind015_19.wav,wind
wind015_20.wav,wind
wind015_21.wav,wind
wind015_22.wav,wind
wind015_23.wav,wind
wind015_24.wav,wind
wind015_25.wav,wind
wind015_26.wav,wind
wind015_27.wav,wind
wind015_28.wav,wind
wind015_29.wav,wind
wind015_30.wav,wind
wind015_31.wav,wind
wind015_32.wav,wind
wind015_33.wav,wind
wind015_34.wav,wind
wind015_35.wav,wind
wind015_36.wav,wind
wind015_37.wav,wind
wind015_38.wav,wind
wind015_39.wav,wind
wind015_40.wav,wind
wind015_41.wav,wind
wind015_42.wav,wind
wind015_43.wav,wind
wind016_0.wav,wind
wind016_1.wav,wind
wind016_2.wav,wind
wind016_3.wav,wind
wind016_4.wav,wind
wind016_5.wav,wind
wind016_6.wav,wind
wind016_7.wav,wind
wind017_0.wav,wind
wind017_1.wav,wind
wind017_2.wav,wind
wind017_3.wav,wind
wind017_4.wav,wind
wind017_5.wav,wind
wind017_6.wav,wind
wind017_7.wav,wind
wind017_8.wav,wind
wind017_9.wav,wind
wind017_10.wav,wind
wind017_11.wav,wind
wind017_12.wav,wind
wind017_13.wav,wind
wind017_14.wav,wind
wind017_15.wav,wind
wind017_16.wav,wind
wind017_17.wav,wind
wind017_18.wav,wind
wind017_19.wav,wind
wind017_20.wav,wind
wind017_21.wav,wind
wind017_22.wav,wind
wind017_23.wav,wind
wind017_24.wav,wind
wind017_25.wav,wind
wind017_26.wav,wind
wind017_27.wav,wind
wind017_28.wav,wind
wind017_29.wav,wind
wind017_30.wav,wind
wind017_31.wav,wind
wind017_32.wav,wind
wind017_33.wav,wind
wind017_34.wav,wind
wind017_35.wav,wind
wind017_36.wav,wind
wind017_37.wav,wind
wind017_38.wav,wind
wind017_39.wav,wind
wind017_40.wav,wind
wind017_41.wav,wind
wind017_42.wav,wind
wind017_43.wav,wind
wind017_44.wav,wind
wind017_45.wav,wind
wind017_46.wav,wind
wind017_47.wav,wind
wind017_48.wav,wind
wind017_49.wav,wind
wind017_50.wav,wind
wind017_51.wav,wind
wind017_52.wav,wind
wind017_53.wav,wind
wind017_54.wav,wind
wind017_55.wav,wind
wind017_56.wav,wind
wind017_57.wav,wind
wind017_58.wav,wind
wind017_59.wav,wind
wind017_60.wav,wind
wind017_61.wav,wind
wind017_62.wav,wind
wind017_63.wav,wind
wind017_64.wav,wind
wind017_65.wav,wind
wind017_66.wav,wind
wind017_67.wav,wind
wind017_68.wav,wind
wind017_69.wav,wind
wind017_70.wav,wind
wind017_71.wav,wind
wind018_0.wav,wind
wind018_1.wav,wind
wind018_2.wav,wind
wind018_3.wav,wind
wind018_4.wav,wind
wind018_5.wav,wind
wind018_6.wav,wind
wind018_7.wav,wind
wind018_8.wav,wind
wind018_9.wav,wind
wind018_10.wav,wind
wind018_11.wav,wind
wind018_12.wav,wind
wind018_13.wav,wind
wind018_14.wav,wind
wind018_15.wav,wind
wind018_16.wav,wind
wind018_17.wav,wind
wind018_18.wav,wind
wind018_19.wav,wind
wind018_20.wav,wind
wind018_21.wav,wind
wind018_22.wav,wind
wind018_23.wav,wind
wind018_24.wav,wind
wind018_25.wav,wind
wind018_26.wav,wind
wind018_27.wav,wind
wind018_28.wav,wind
wind018_29.wav,wind
wind019_0.wav,wind
wind019_1.wav,wind
wind019_2.wav,wind
wind019_3.wav,wind
wind019_4.wav,wind
wind019_5.wav,wind
wind019_6.wav,wind
wind019_7.wav,wind
wind019_8.wav,wind
wind019_9.wav,wind
wind019_10.wav,wind
wind019_11.wav,wind
wind019_12.wav,wind
wind019_13.wav,wind
wind020_0.wav,wind
wind020_1.wav,wind
wind021_0.wav,wind
wind021_1.wav,wind
wind021_2.wav,wind
wind021_3.wav,wind
wind021_4.wav,wind
wind021_5.wav,wind
wind021_6.wav,wind
wind021_7.wav,wind
wind021_8.wav,wind
wind021_9.wav,wind
wind021_10.wav,wind
wind021_11.wav,wind
wind022_0.wav,wind
wind022_1.wav,wind
wind022_2.wav,wind
wind022_3.wav,wind
wind022_4.wav,wind
wind022_5.wav,wind
wind022_6.wav,wind
wind022_7.wav,wind
wind022_8.wav,wind
wind022_9.wav,wind
wind022_10.wav,wind
wind023_0.wav,wind
wind023_1.wav,wind
wind023_2.wav,wind
wind023_3.wav,wind
wind023_4.wav,wind
wind023_5.wav,wind
wind023_6.wav,wind
wind023_7.wav,wind
wind023_8.wav,wind
wind023_9.wav,wind
wind023_10.wav,wind
wind023_11.wav,wind
wind023_12.wav,wind
wind023_13.wav,wind
wind023_14.wav,wind
wind023_15.wav,wind
wind023_16.wav,wind
wind023_17.wav,wind
wind023_18.wav,wind
wind023_19.wav,wind
wind023_20.wav,wind
wind023_21.wav,wind
wind024_0.wav,wind
wind024_1.wav,wind
wind024_2.wav,wind
wind024_3.wav,wind
wind024_4.wav,wind
wind024_5.wav,wind
wind024_6.wav,wind
wind024_7.wav,wind
wind024_8.wav,wind
wind024_9.wav,wind
wind024_10.wav,wind
wind024_11.wav,wind
wind024_12.wav,wind
wind024_13.wav,wind
wind024_14.wav,wind
wind024_15.wav,wind
wind025_0.wav,wind
wind025_1.wav,wind
wind025_2.wav,wind
wind025_3.wav,wind
wind025_4.wav,wind
wind025_5.wav,wind
wind025_6.wav,wind
wind025_7.wav,wind
wind025_8.wav,wind
wind025_9.wav,wind
wind025_10.wav,wind
wind025_11.wav,wind
wind025_12.wav,wind
wind025_13.wav,wind
wind025_14.wav,wind
wind025_15.wav,wind
wind025_16.wav,wind
wind025_17.wav,wind
wind025_18.wav,wind
wind025_19.wav,wind
wind025_20.wav,wind
wind026_0.wav,wind
wind026_1.wav,wind
wind026_2.wav,wind
wind026_3.wav,wind
wind026_4.wav,wind
wind026_5.wav,wind
wind027_0.wav,wind
wind027_1.wav,wind
wind028_0.wav,wind
wind028_1.wav,wind
wind028_2.wav,wind
wind028_3.wav,wind
wind028_4.wav,wind
wind028_5.wav,wind
wind029_0.wav,wind
wind029_1.wav,wind
wind029_2.wav,wind
wind030_0.wav,wind
wind030_1.wav,wind
wind030_2.wav,wind
wind031_0.wav,wind
wind031_1.wav,wind
wind031_2.wav,wind
wind031_3.wav,wind
wind032_0.wav,wind
wind032_1.wav,wind
wind032_2.wav,wind
wind032_3.wav,wind
wind033_0.wav,wind
wind034_0.wav,wind
wind034_1.wav,wind
wind034_2.wav,wind
wind034_3.wav,wind
wind034_4.wav,wind
wind034_5.wav,wind
wind035_0.wav,wind
wind035_1.wav,wind
wind035_2.wav,wind
wind035_3.wav,wind
wind035_4.wav,wind
wind035_5.wav,wind
wind035_6.wav,wind
wind035_7.wav,wind
wind035_8.wav,wind
wind035_9.wav,wind
wind035_10.wav,wind
wind035_11.wav,wind
wind035_12.wav,wind
wind035_13.wav,wind
wind035_14.wav,wind
wind035_15.wav,wind
wind035_16.wav,wind
wind035_17.wav,wind
wind036_0.wav,wind
wind036_1.wav,wind
wind036_2.wav,wind
wind036_3.wav,wind
wind037_0.wav,wind
wind038_0.wav,wind
wind038_1.wav,wind
wind038_2.wav,wind
wind038_3.wav,wind
wind039_0.wav,wind
wind039_1.wav,wind
wind040_0.wav,wind
wind040_1.wav,wind
wind040_2.wav,wind
wind040_3.wav,wind
wind040_4.wav,wind
wind040_5.wav,wind
wind040_6.wav,wind
wind041_0.wav,wind
wind041_1.wav,wind
wind041_2.wav,wind
wind041_3.wav,wind
wind041_4.wav,wind
wind041_5.wav,wind
wind041_6.wav,wind
wind041_7.wav,wind
wind041_8.wav,wind
wind041_9.wav,wind
wind041_10.wav,wind
wind041_11.wav,wind
wind041_12.wav,wind
wind041_13.wav,wind
wind041_14.wav,wind
wind041_15.wav,wind
wind041_16.wav,wind
wind041_17.wav,wind
wind041_18.wav,wind
wind041_19.wav,wind
wind041_20.wav,wind
wind041_21.wav,wind
wind041_22.wav,wind
wind041_23.wav,wind
wind041_24.wav,wind
wind041_25.wav,wind
wind041_26.wav,wind
wind041_27.wav,wind
wind041_28.wav,wind
wind041_29.wav,wind
wind041_30.wav,wind
wind041_31.wav,wind
wind041_32.wav,wind
wind041_33.wav,wind
wind041_34.wav,wind
wind041_35.wav,wind
wind041_36.wav,wind
wind041_37.wav,wind
wind041_38.wav,wind
